1,Fariz Wakan,2024-01-01
2,Fathurrahman Hernanda,2024-01-02
1,Fariz Wakan,2024-01-01
2,Fathurrahman Hernanda,2024-01-02
1,Fariz Wakan,2024-01-01
2,Fathurrahman Hernanda,2024-01-02
1,Fariz Wakan,2024-01-01
2,Fathurrahman Hernanda,2024-01-02
1,Fariz Wakan,2024-01-01
2,Fathurrahman Hernanda,2024-01-021,Fariz Wakan,2024-01-01
2,Fathurrahman Hernanda,2024-01-02
1,Fariz Wakan,2024-01-01
2,Fathurrahman Hernanda,2024-01-02
1,Fariz Wakan,2024-01-01
2,Fathurrahman Hernanda,2024-01-02
1,Fariz Wakan,2024-01-01
2,Fathurrahman Hernanda,2024-01-02
1,Fariz Wakan,2024-01-01
2,Fathurrahman Hernanda,2024-01-02
1,Fariz Wakan,2024-01-01
2,Fathurrahman Hernanda,2024-01-02
1,Fariz Wakan,2024-01-01
2,Fathurrahman Hernanda,2024-01-02
1,Fariz Wakan,2024-01-01
2,Fathurrahman Hernanda,2024-01-02
1,Fariz Wakan,2024-01-01
2,Fathurrahman Hernanda,2024-01-02
1,Fariz Wakan,2024-01-01
2,Fathurrahman Hernanda,2024-01-02
1,Fariz Wakan,2024-01-01
2,Fathurrahman Hernanda,2024-01-02
1,Fariz Wakan,2024-01-01
2,Fathurrahman Hernanda,2024-01-02
1,Fariz Wakan,2024-01-01
2,Fathurrahman Hernanda,2024-01-02
1,Fariz Wakan,2024-01-01
2,Fathurrahman Hernanda,2024-01-02
1,Fariz Wakan,2024-01-01
2,Fathurrahman Hernanda,2024-01-02
1,Fariz Wakan,2024-01-01
2,Fathurrahman Hernanda,2024-01-02
1,Fariz Wakan,2024-01-01
2,Fathurrahman Hernanda,2024-01-02
1,Fariz Wakan,2024-01-01
2,Fathurrahman Hernanda,2024-01-02
1,Fariz Wakan,2024-01-01
2,Fathurrahman Hernanda,2024-01-02
1,Fariz Wakan,2024-01-01
2,Fathurrahman Hernanda,2024-01-02
1,Fariz Wakan,2024-01-01
2,Fathurrahman Hernanda,2024-01-02
1,Fariz Wakan,2024-01-01
2,Fathurrahman Hernanda,2024-01-02
1,Fariz Wakan,2024-01-01
2,Fathurrahman Hernanda,2024-01-02
