1,Software Engineer,Beginer
2,Engineering,Advanced
1,Software Engineer,Beginer
2,Engineering,Advanced
1,Software Engineer,Beginer
2,Engineering,Advanced
1,Software Engineer,Beginer
2,Engineering,Advanced
1,Software Engineer,Beginer
2,Engineering,Advanced
1,Software Engineer,Beginer
2,Engineering,Advanced
1,Software Engineer,Beginer
2,Engineering,Advanced
1,Software Engineer,Beginer
2,Engineering,Advanced
1,Software Engineer,Beginer
2,Engineering,Advanced
1,Software Engineer,Beginer
2,Engineering,Advanced
1,Software Engineer,Beginer
2,Engineering,Advanced
1,Software Engineer,Beginer
2,Engineering,Advanced
1,Software Engineer,Beginer
2,Engineering,Advanced
1,Software Engineer,Beginer
2,Engineering,Advanced
1,Software Engineer,Beginer
2,Engineering,Advanced
1,Software Engineer,Beginer
2,Engineering,Advanced