1,Fariz Luthfan,2020-01-01
2,Farhurrahman Khasan,2029-01-01
1,Fariz Luthfan,2020-01-01
2,Farhurrahman Khasan,2029-01-01
1,Fariz Luthfan,2020-01-01
2,Farhurrahman Khasan,2029-01-01
1,Fariz Luthfan,2020-01-01
2,Farhurrahman Khasan,2029-01-01
1,Fariz Luthfan,2020-01-01
2,Farhurrahman Khasan,2029-01-01
1,Fariz Luthfan,2020-01-01
2,Farhurrahman Khasan,2029-01-01
1,Fariz Luthfan,2020-01-01
2,Farhurrahman Khasan,2029-01-01
1,Fariz Luthfan,2020-01-01
2,Farhurrahman Khasan,2029-01-01
1,Fariz Luthfan,2020-01-01
2,Farhurrahman Khasan,2029-01-01
1,Fariz Luthfan,2020-01-01
2,Farhurrahman Khasan,2029-01-01
1,Fariz Luthfan,2020-01-01
2,Farhurrahman Khasan,2029-01-01
1,Fariz Luthfan,2020-01-01
2,Farhurrahman Khasan,2029-01-01
1,Fariz Luthfan,2020-01-01
2,Farhurrahman Khasan,2029-01-01
1,Fariz Luthfan,2020-01-01
2,Farhurrahman Khasan,2029-01-01
1,Fariz Luthfan,2020-01-01
2,Farhurrahman Khasan,2029-01-01
1,Fariz Luthfan,2020-01-01
2,Farhurrahman Khasan,2029-01-01
1,Fariz Luthfan,2020-01-01
2,Farhurrahman Khasan,2029-01-01
